date,temp_max,temp_min,temp_mean,precipitation,wind_speed,humidity,cloud_cover,rain_probability,sunshine_duration,uv_index,city
2026-05-17,,,,0.0,,75.0,50.0,0.0,,7.0,Ho Chi Minh City
2026-05-18,,,,0.0,,75.0,50.0,0.0,,7.0,Ho Chi Minh City
2026-05-19,,,,0.0,,75.0,50.0,0.0,,7.0,Ho Chi Minh City
2026-05-20,,,,0.0,,75.0,50.0,0.0,,7.0,Ho Chi Minh City
2026-05-21,,,,0.0,,75.0,50.0,0.0,,7.0,Ho Chi Minh City
2026-05-22,,,,0.0,,75.0,50.0,0.0,,7.0,Ho Chi Minh City
2026-05-23,,,,0.0,,75.0,50.0,0.0,,7.0,Ho Chi Minh City
2026-05-24,,,,0.0,,75.0,50.0,0.0,,7.0,Ho Chi Minh City
2026-05-25,,,,0.0,,75.0,50.0,0.0,,7.0,Ho Chi Minh City
2026-05-26,,,,0.0,,75.0,50.0,0.0,,7.0,Ho Chi Minh City
2026-05-27,,,,0.0,,75.0,50.0,0.0,,7.0,Ho Chi Minh City
2026-05-28,,,,0.0,,75.0,50.0,0.0,,7.0,Ho Chi Minh City
2026-05-29,,,,0.0,,75.0,50.0,0.0,,7.0,Ho Chi Minh City
2026-05-30,,,,0.0,,75.0,50.0,0.0,,7.0,Ho Chi Minh City
2026-05-31,,,,0.0,,75.0,50.0,0.0,,7.0,Ho Chi Minh City
2026-06-01,,,,0.0,,75.0,50.0,0.0,,7.0,Ho Chi Minh City
2026-06-02,,,,0.0,,75.0,50.0,0.0,,7.0,Ho Chi Minh City
2026-06-03,,,,0.0,,75.0,50.0,0.0,,7.0,Ho Chi Minh City
2026-06-04,,,,0.0,,75.0,50.0,0.0,,7.0,Ho Chi Minh City
2026-06-05,,,,0.0,,75.0,50.0,0.0,,7.0,Ho Chi Minh City
2026-06-06,,,,0.0,,75.0,50.0,0.0,,7.0,Ho Chi Minh City
2026-06-07,,,,0.0,,75.0,50.0,0.0,,7.0,Ho Chi Minh City
2026-06-08,,,,0.0,,75.0,50.0,0.0,,7.0,Ho Chi Minh City
2026-06-09,,,,0.0,,75.0,50.0,0.0,,7.0,Ho Chi Minh City
2026-06-10,,,,0.0,,75.0,50.0,0.0,,7.0,Ho Chi Minh City
2026-06-11,,,,0.0,,75.0,50.0,0.0,,7.0,Ho Chi Minh City
2026-06-12,,,,0.0,,75.0,50.0,0.0,,7.0,Ho Chi Minh City
2026-06-13,,,,0.0,,75.0,50.0,0.0,,7.0,Ho Chi Minh City
2026-06-14,,,,0.0,,75.0,50.0,100.0,,7.0,Ho Chi Minh City
2026-06-15,29.3,27.8,,0.0,6.1,75.0,50.0,96.0,,7.0,Ho Chi Minh City
2026-06-16,33.5,26.3,29.3,9.7,9.5,81.0,93.0,87.0,34782.98,7.0,Ho Chi Minh City
2026-06-17,33.7,26.3,29.4,4.0,8.4,79.0,96.0,86.0,39518.0,7.0,Ho Chi Minh City
2026-06-18,33.2,25.7,28.5,4.8,8.8,81.0,98.0,73.0,43008.57,7.0,Ho Chi Minh City
2026-06-19,33.6,25.1,28.7,0.6,11.7,80.0,93.0,39.0,43200.0,7.75,Ho Chi Minh City
2026-06-20,34.2,25.7,29.0,1.3,14.4,80.0,56.0,76.0,43200.0,8.3,Ho Chi Minh City
2026-06-21,34.0,25.9,29.7,1.1,7.4,76.0,71.0,47.0,43200.0,8.75,Ho Chi Minh City
2026-06-22,34.5,26.2,30.0,1.3,8.8,75.0,67.0,81.0,43200.0,8.75,Ho Chi Minh City
2026-06-23,32.5,25.2,28.6,12.8,11.2,83.0,92.0,80.0,36480.46,5.9,Ho Chi Minh City
2026-06-24,35.2,25.8,29.4,4.2,15.3,79.0,74.0,78.0,42745.23,8.4,Ho Chi Minh City
2026-06-25,34.2,25.5,28.7,8.9,19.9,79.0,68.0,96.0,35131.61,6.15,Ho Chi Minh City
2026-06-26,33.1,25.3,28.7,2.2,11.8,80.0,49.0,78.0,43200.0,7.9,Ho Chi Minh City
2026-06-27,33.8,25.7,29.2,0.8,16.1,77.0,72.0,91.0,41671.36,8.55,Ho Chi Minh City
2026-06-28,32.3,26.3,27.6,22.0,19.3,88.0,92.0,100.0,27227.34,7.75,Ho Chi Minh City
2026-06-29,32.7,26.1,27.9,17.4,14.4,87.0,90.0,100.0,36574.35,6.35,Ho Chi Minh City
2026-06-30,32.2,25.0,27.8,13.9,13.9,86.0,98.0,100.0,31396.26,5.55,Ho Chi Minh City
2026-07-01,32.9,25.8,28.8,0.5,14.7,79.0,87.0,86.0,38184.86,7.9,Ho Chi Minh City
2026-07-02,30.1,24.4,26.7,21.5,13.7,89.0,99.0,100.0,13494.16,7.5,Ho Chi Minh City
2026-07-03,29.6,24.9,26.8,6.3,12.4,88.0,100.0,96.0,1065.56,7.0,Ho Chi Minh City
2026-07-04,29.6,24.7,26.2,18.8,15.8,91.0,100.0,100.0,7279.52,6.85,Ho Chi Minh City
2026-07-05,31.1,24.9,27.4,1.0,9.3,84.0,98.0,90.0,25590.61,8.15,Ho Chi Minh City
2026-07-06,30.9,25.4,27.9,1.0,10.3,84.0,99.0,59.0,22359.85,8.5,Ho Chi Minh City
2026-07-07,31.5,25.3,27.8,8.5,11.5,85.0,90.0,100.0,31428.8,7.75,Ho Chi Minh City
2026-07-08,31.3,24.0,27.0,15.3,18.1,87.0,83.0,96.0,36432.13,7.75,Ho Chi Minh City
2026-07-09,33.0,25.4,28.7,2.1,17.7,78.0,90.0,65.0,41545.7,8.3,Ho Chi Minh City
2026-07-10,33.6,26.0,29.4,0.5,16.6,74.0,98.0,71.0,41819.35,8.4,Ho Chi Minh City
2026-07-11,33.1,26.6,29.3,2.8,22.3,73.0,56.0,80.0,42673.19,8.65,Ho Chi Minh City
2026-07-12,30.6,26.2,27.8,6.0,17.3,81.0,91.0,91.0,31424.4,7.25,Ho Chi Minh City
2026-07-13,31.5,25.1,27.1,12.7,16.3,84.0,97.0,100.0,14806.8,7.6,Ho Chi Minh City
2026-07-14,32.1,25.0,28.0,2.8,20.5,80.0,84.0,90.0,39600.0,7.4,Ho Chi Minh City
2026-07-15,31.7,25.0,27.3,23.1,14.3,87.0,97.0,96.0,27502.08,8.65,Ho Chi Minh City
2026-07-16,32.6,23.9,27.7,6.2,14.5,82.0,90.0,96.0,41681.35,8.7,Ho Chi Minh City
2026-07-17,32.8,25.0,28.3,2.0,14.8,80.0,91.0,90.0,35082.88,7.85,Ho Chi Minh City
2026-07-18,32.8,25.7,28.2,5.8,12.5,82.0,75.0,96.0,38303.08,8.7,Ho Chi Minh City
2026-07-19,33.0,25.1,28.6,1.0,12.6,81.0,40.0,86.0,43200.0,8.7,Ho Chi Minh City
2026-07-20,34.1,25.3,29.2,0.0,12.2,73.0,18.0,8.0,43200.0,8.75,Ho Chi Minh City
2026-07-21,34.2,24.8,29.1,0.0,11.6,72.0,50.0,2.0,43200.0,8.8,Ho Chi Minh City
2026-07-22,33.5,25.0,29.2,0.4,12.3,72.0,37.0,25.0,43200.0,8.8,Ho Chi Minh City
2026-07-23,33.6,25.8,28.7,8.9,16.4,78.0,50.0,77.0,40080.68,7.0,Ho Chi Minh City
2026-07-24,32.6,24.9,27.1,11.7,12.0,88.0,73.0,100.0,43200.0,8.2,Ho Chi Minh City
2026-07-25,31.2,24.4,26.5,13.4,16.1,90.0,89.0,100.0,28091.42,7.4,Ho Chi Minh City
2026-07-26,29.7,24.7,26.4,14.6,15.1,90.0,94.0,100.0,28626.88,8.85,Ho Chi Minh City
2026-07-27,32.5,24.6,28.0,0.7,17.1,78.0,90.0,78.0,40599.8,7.65,Ho Chi Minh City
2026-07-28,29.6,24.5,26.4,19.1,14.0,89.0,99.0,100.0,26771.06,8.15,Ho Chi Minh City
2026-07-29,31.5,24.2,26.9,14.7,10.4,86.0,93.0,100.0,36516.31,8.8,Ho Chi Minh City
2026-07-30,31.2,24.1,27.3,7.2,11.6,83.0,93.0,79.0,36000.0,7.9,Ho Chi Minh City
2026-07-31,30.0,24.7,26.7,8.6,13.3,89.0,90.0,100.0,35494.35,7.7,Ho Chi Minh City
2026-08-01,32.0,24.7,27.7,4.8,12.0,84.0,95.0,100.0,39243.97,8.0,Ho Chi Minh City
2026-08-02,33.5,25.2,28.6,4.7,11.9,80.0,84.0,69.0,43200.0,8.9,Ho Chi Minh City
2026-08-03,33.8,25.4,29.1,2.0,12.2,78.0,82.0,57.0,43200.0,8.55,Ho Chi Minh City
2026-08-04,33.2,26.1,28.8,2.2,12.8,80.0,81.0,71.0,43200.0,8.7,Ho Chi Minh City
2026-08-05,31.3,24.4,27.5,7.2,17.1,86.0,99.0,100.0,25920.77,8.6,Ho Chi Minh City
2026-08-06,30.7,25.6,27.4,16.6,18.3,87.0,96.0,100.0,27585.47,7.45,Ho Chi Minh City
2026-08-07,32.1,25.3,27.8,7.6,18.1,83.0,82.0,91.0,32199.3,7.65,Ho Chi Minh City
2026-08-08,32.8,25.7,28.4,3.2,18.8,80.0,95.0,94.0,39819.54,7.3,Ho Chi Minh City
2026-08-09,31.4,25.1,27.1,13.0,17.9,85.0,99.0,100.0,24049.62,5.75,Ho Chi Minh City
2026-08-10,30.3,24.6,27.1,3.7,13.7,86.0,93.0,93.0,19333.09,8.0,Ho Chi Minh City
2026-08-11,30.8,24.8,27.0,17.1,17.1,84.0,97.0,100.0,27384.58,8.8,Ho Chi Minh City
2026-08-12,32.7,26.0,29.0,5.8,19.0,76.0,40.0,91.0,43200.0,8.65,Ho Chi Minh City
2026-08-13,33.2,25.4,29.2,1.7,19.4,72.0,26.0,92.0,43200.0,7.9,Ho Chi Minh City
2026-08-14,32.7,25.7,28.4,9.4,20.8,80.0,90.0,98.0,40567.37,6.75,Ho Chi Minh City
2026-08-15,31.4,25.8,27.7,4.4,21.0,81.0,97.0,84.0,31707.81,8.15,Ho Chi Minh City
2026-08-16,31.9,25.5,27.8,6.7,18.4,82.0,96.0,100.0,32446.24,8.8,Ho Chi Minh City
2026-08-17,31.9,25.8,27.7,5.5,13.7,83.0,94.0,100.0,39505.92,7.8,Ho Chi Minh City
2026-08-18,31.0,24.2,26.5,15.9,24.2,88.0,98.0,100.0,18876.66,8.45,Ho Chi Minh City
2026-08-19,33.7,25.0,28.3,0.3,17.6,77.0,93.0,71.0,38799.46,7.85,Ho Chi Minh City
2026-08-20,31.0,25.8,27.5,6.1,16.7,83.0,96.0,92.0,37251.97,6.4,Ho Chi Minh City
2026-08-21,30.7,25.3,27.3,8.1,17.3,83.0,96.0,84.0,38556.22,5.75,Ho Chi Minh City
2026-08-22,32.2,25.0,27.4,9.0,18.6,86.0,83.0,94.0,37672.25,5.95,Ho Chi Minh City
2026-08-23,31.3,25.4,27.3,20.4,12.5,86.0,100.0,100.0,25948.02,9.05,Ho Chi Minh City
2026-08-24,27.8,25.0,26.3,16.2,12.2,91.0,98.0,97.0,41838.03,4.7,Ho Chi Minh City
2026-08-25,28.4,25.0,26.1,7.8,12.5,90.0,96.0,100.0,25171.67,4.05,Ho Chi Minh City
2026-08-26,31.1,24.9,26.8,28.8,10.0,89.0,100.0,98.0,26908.43,4.5,Ho Chi Minh City
2026-08-27,31.9,24.9,27.1,23.4,10.0,88.0,85.0,100.0,42387.1,1.4,Ho Chi Minh City
2026-08-28,26.4,25.0,25.7,15.6,13.0,95.0,86.0,98.0,32960.67,5.55,Ho Chi Minh City
2026-08-29,32.1,25.1,27.6,7.6,12.8,86.0,67.0,100.0,36829.52,7.15,Ho Chi Minh City
2026-08-30,31.9,25.4,27.5,16.8,11.3,85.0,95.0,95.0,25272.17,4.95,Ho Chi Minh City
2026-08-31,29.6,25.0,26.6,13.8,18.9,84.0,100.0,72.0,25054.97,6.55,Ho Chi Minh City
2026-09-01,,,,0.0,,75.0,50.0,71.0,,7.0,Ho Chi Minh City
